fold,test_patient,model,accuracy,sensitivity,specificity,auc,tp,tn,fp,fn,n_test,accuracy_ci_low,accuracy_ci_high,fit_time_sec,threshold,n_features_kept
0,chb01,RF,0.5578002244668911,0.1638608305274972,0.9517396184062851,0.7210079344385367,146,848,43,745,1782,0.5346408181888428,0.580710957690944,24.55386757850647,0.2,92
0,chb01,SVM,0.46408529741863075,0.17059483726150393,0.7575757575757576,0.41083865214056003,152,675,216,739,1782,0.4410321218380744,0.48729298829487344,573.3230624198914,0.2,92
0,chb01,XGB,0.5521885521885522,0.16722783389450055,0.9371492704826038,0.633116298286519,149,835,56,742,1782,0.5290124775826228,0.5751400967554372,4.872697353363037,0.15,92
1,chb02,RF,0.670028818443804,0.4207492795389049,0.9193083573487032,0.7201787241817472,146,319,28,201,694,0.6341933592528854,0.7039922691189398,16.05916953086853,0.15,92
1,chb02,SVM,0.6296829971181557,0.48703170028818443,0.7723342939481268,0.5293499655341378,169,268,79,178,694,0.5931337455447183,0.6648044455863351,537.868271112442,0.25,92
1,chb02,XGB,0.6829971181556196,0.38328530259365995,0.9827089337175793,0.5078440980325392,133,341,6,214,694,0.6474512217811816,0.7165282257037491,3.0087532997131348,0.15,92
2,chb03,RF,0.49013563501849566,0.0036991368680641184,0.9765721331689272,0.5683382467642055,3,792,19,808,1622,0.46585914708411774,0.5144587387419063,16.79350781440735,0.2,92
2,chb03,SVM,0.41800246609124536,0.1319358816276202,0.7040690505548706,0.2563320921789026,107,571,240,704,1622,0.3942199700624236,0.4421724558664001,560.3409354686737,0.15,92
2,chb03,XGB,0.5086313193588162,0.04315659679408138,0.9741060419235512,0.5480355652320665,35,790,21,776,1622,0.4843100229733624,0.5329118269288666,4.689443588256836,0.15,92
3,chb04,RF,0.4980263157894737,0.02631578947368421,0.9697368421052631,0.6089941135734073,20,737,23,740,1520,0.4729267213863376,0.5231358614962927,25.513614892959595,0.2,92
3,chb04,SVM,0.47828947368421054,0.8736842105263158,0.08289473684210526,0.39503981994459836,664,63,697,96,1520,0.45326305826027896,0.5034253534486546,595.4242782592773,0.15,92
3,chb04,XGB,0.5269736842105263,0.15263157894736842,0.9013157894736842,0.5736218836565097,116,685,75,644,1520,0.501837384305505,0.5519739829652138,4.375413417816162,0.15,92
4,chb05,RF,0.5526315789473685,0.4281891168599465,0.6770740410347904,0.6733442566333582,480,759,362,641,2242,0.5319769071492091,0.5731061939920292,16.096113443374634,0.15,92
4,chb05,SVM,0.491971454058876,0.05976806422836753,0.9241748438893844,0.6924841701010869,67,1036,85,1054,2242,0.4713085162650949,0.5126618581370893,549.2456715106964,0.25,92
4,chb05,XGB,0.5347903657448706,0.21320249776984834,0.856378233719893,0.4518060448449478,239,960,161,882,2242,0.5141015572061924,0.5553601537176767,3.0256221294403076,0.15,92
5,chb06,RF,0.4129746835443038,0.28164556962025317,0.5443037974683544,0.4017184746034289,89,172,144,227,632,0.37522568834817005,0.4517752502503739,17.38656997680664,0.2,92
5,chb06,SVM,0.47943037974683544,0.2974683544303797,0.6613924050632911,0.46594095497516425,94,209,107,222,632,0.4407229914729092,0.5183863212867467,717.8141601085663,0.25,92
5,chb06,XGB,0.41139240506329117,0.2911392405063291,0.5316455696202531,0.40743670886075956,92,168,148,224,632,0.37367477687287887,0.4501807242456387,4.4209911823272705,0.15,92
6,chb07,RF,0.5,0.0,1.0,0.547154258001121,0,653,0,653,1306,0.4729219936322059,0.5270780063677941,16.395687341690063,0.2,92
6,chb07,SVM,0.48392036753445633,0.0,0.9678407350689127,0.5437127265137461,0,632,21,653,1306,0.4569034855172865,0.5110315686144498,546.0181088447571,0.2,92
6,chb07,XGB,0.4877488514548239,0.0,0.9754977029096478,0.2954229390092611,0,637,16,653,1306,0.46071488184312176,0.5148546832096297,3.0903429985046387,0.15,92
7,chb08,RF,0.571351058057515,0.20184481823114486,0.940857297883885,0.62980896760307,372,1734,109,1471,3686,0.5553084495451374,0.5872450953007987,16.040574073791504,0.2,92
7,chb08,SVM,0.5119370591427022,0.29896907216494845,0.7249050461204558,0.60007745869532,551,1336,507,1292,3686,0.49579596173738677,0.5280533005182071,562.841142654419,0.15,92
7,chb08,XGB,0.5586001085187194,0.23765599565925122,0.8795442213781878,0.5844916563354059,438,1621,222,1405,3686,0.5425169045785121,0.5745612919489484,3.1019346714019775,0.15,92
8,chb09,RF,0.512589928057554,0.28597122302158273,0.7392086330935251,0.5872916774494075,159,411,145,397,1112,0.48321823874840647,0.5418749285972095,16.09830665588379,0.2,92
8,chb09,SVM,0.7005395683453237,0.658273381294964,0.7428057553956835,0.7848293307799803,366,413,143,190,1112,0.6729657585919883,0.7267325498417535,569.5825705528259,0.2,92
8,chb09,XGB,0.5746402877697842,0.4748201438848921,0.6744604316546763,0.5437687619688422,264,375,181,292,1112,0.5453732961520472,0.6033933388255337,3.164496898651123,0.15,92
9,chb10,RF,0.623196448390677,0.32963374028856823,0.9167591564927858,0.7622742519410545,297,826,75,604,1802,0.6005823863155382,0.645286354331482,16.128053903579712,0.2,92
9,chb10,SVM,0.5110987791342952,0.09988901220865705,0.9223085460599334,0.7674774975640581,90,831,70,811,1802,0.4880194078405497,0.5341309291546775,564.0913307666779,0.2,92
9,chb10,XGB,0.6570477247502775,0.413984461709212,0.9001109877913429,0.7921510320879132,373,811,90,528,1802,0.6348167610987647,0.6786105073836981,3.110626220703125,0.15,92
10,chb11,RF,0.48761609907120745,0.0,0.9752321981424149,0.15376721716876424,0,1575,40,1615,3230,0.4704028599252435,0.5048587608047268,15.659674406051636,0.2,92
10,chb11,SVM,0.4588235294117647,0.005572755417956657,0.9120743034055727,0.2952045931620163,9,1473,142,1606,3230,0.44169768139019383,0.4760472075369572,564.9329133033752,0.2,92
10,chb11,XGB,0.46253869969040246,0.001238390092879257,0.9238390092879257,0.10241946151118098,2,1492,123,1613,3230,0.445398349497067,0.47976805321109284,3.1293365955352783,0.15,92
11,chb12,RF,0.47605985037406484,0.13665835411471322,0.8154613466334164,0.5007552191839603,274,1635,370,1731,4010,0.4606320670581479,0.4915334593542547,17.090245723724365,0.15,92
11,chb12,SVM,0.528428927680798,0.29526184538653366,0.7615960099750624,0.5483663658808091,592,1527,478,1413,4010,0.512958298052648,0.5438451393326239,573.2381498813629,0.2,92
11,chb12,XGB,0.5199501246882793,0.16957605985037408,0.8703241895261845,0.5332810119340055,340,1745,260,1665,4010,0.5044749166784149,0.5353871446445829,3.113508462905884,0.15,92
12,chb13,RF,0.47921348314606743,0.060674157303370786,0.8977528089887641,0.4249924251988385,54,799,91,836,1780,0.45607506215356397,0.5024414339299447,16.84024477005005,0.2,92
12,chb13,SVM,0.498314606741573,0.24719101123595505,0.749438202247191,0.472665067541977,220,667,223,670,1780,0.47511516527702646,0.521521307378393,577.7633774280548,0.2,92
12,chb13,XGB,0.48089887640449436,0.12247191011235956,0.8393258426966292,0.4710831965660901,109,747,143,781,1780,0.4577537103321725,0.5041263130959165,3.1199700832366943,0.2,92
13,chb14,RF,0.5028901734104047,0.05202312138728324,0.953757225433526,0.5547378796485013,18,330,16,328,692,0.46572380267484587,0.540024632026385,16.73214888572693,0.2,92
13,chb14,SVM,0.5491329479768786,0.12427745664739884,0.9739884393063584,0.5800060142336864,43,337,9,303,692,0.5118894717432917,0.5858339181776328,569.5128266811371,0.25,92
13,chb14,XGB,0.5173410404624278,0.07803468208092486,0.9566473988439307,0.49130859701293056,27,331,15,319,692,0.4801164989903395,0.5543741092170458,3.2964158058166504,0.15,92
14,chb15,RF,0.5037462537462537,0.012737262737262738,0.9947552447552448,0.5977869221188402,51,3983,21,3953,8008,0.4927961316236035,0.5146927832845495,16.18760085105896,0.2,92
14,chb15,SVM,0.49712787212787213,0.30744255744255744,0.6868131868131868,0.48143976403217165,1231,2750,1254,2773,8008,0.4861807968304349,0.5080777017399812,564.7676763534546,0.1,92
14,chb15,XGB,0.5232267732267732,0.15684315684315683,0.8896103896103896,0.5282495663676983,628,3562,442,3376,8008,0.5122788171245902,0.534152455305958,3.3763725757598877,0.1,92
15,chb16,RF,0.5,0.0,1.0,0.35452242446988175,0,146,0,146,292,0.4430234098878125,0.5569765901121875,16.761495113372803,0.2,92
15,chb16,SVM,0.476027397260274,0.0,0.952054794520548,0.3063426534058923,0,139,7,146,292,0.41942677283327556,0.5332506058720857,575.2021934986115,0.2,92
15,chb16,XGB,0.4828767123287671,0.0,0.9657534246575342,0.31661662600863205,0,141,5,146,292,0.4261554612643762,0.5400426663823104,3.165203332901001,0.15,92
16,chb17,RF,0.6061120543293718,0.22750424448217318,0.9847198641765704,0.5762089928254559,134,580,9,455,1178,0.5779076856219527,0.6336265842835911,17.051058530807495,0.2,92
16,chb17,SVM,0.6052631578947368,0.2529711375212224,0.9575551782682513,0.7623810608178807,149,564,25,440,1178,0.5770511166324281,0.6327908791138714,569.2110075950623,0.2,92
16,chb17,XGB,0.6256366723259762,0.27843803056027167,0.9728353140916808,0.5702378927767416,164,573,16,425,1178,0.5976332020924187,0.6528233734757454,3.1366145610809326,0.15,92
17,chb18,RF,0.54375,0.1203125,0.9671875,0.69502685546875,77,619,21,563,1280,0.5163728570964127,0.5708653193265977,16.536904096603394,0.2,92
17,chb18,SVM,0.584375,0.4203125,0.7484375,0.5959204101562501,269,479,161,371,1280,0.5571627661700834,0.6110822883600081,566.608900308609,0.2,92
17,chb18,XGB,0.54609375,0.14375,0.9484375,0.55060791015625,92,607,33,548,1280,0.5187211246166241,0.5731905255433334,3.200462818145752,0.2,92
18,chb19,RF,0.5105263157894737,0.04,0.9810526315789474,0.5529795013850415,19,466,9,456,950,0.4787596194304235,0.5422082226095967,16.615609645843506,0.2,92
18,chb19,SVM,0.5547368421052632,0.19789473684210526,0.911578947368421,0.49140387811634345,94,433,42,381,950,0.5229750278238026,0.5860577507843019,577.4855554103851,0.15,92
18,chb19,XGB,0.5189473684210526,0.056842105263157895,0.9810526315789474,0.47787922437673125,27,466,9,448,950,0.4871624515390192,0.550579664133017,3.207502603530884,0.2,92
19,chb20,RF,0.5318791946308725,0.08053691275167785,0.9832214765100671,0.6846158393766048,48,586,10,548,1192,0.5034949501932188,0.560058617436474,16.68174719810486,0.2,92
19,chb20,SVM,0.6350671140939598,0.33221476510067116,0.9379194630872483,0.7465542092698527,198,559,37,398,1192,0.6073440372908276,0.6619223939823444,587.4423019886017,0.25,92
19,chb20,XGB,0.575503355704698,0.17785234899328858,0.9731543624161074,0.6868440610783298,106,580,16,490,1192,0.5472454196776961,0.6032761878663131,3.147184371948242,0.15,92
20,chb22,RF,0.48661800486618007,0.0024330900243309003,0.9708029197080292,0.749187490010123,1,399,12,410,822,0.45259058253497253,0.5207699263083697,16.591398239135742,0.2,92
20,chb22,SVM,0.5060827250608273,0.1873479318734793,0.8248175182481752,0.6061354124117191,77,339,72,334,822,0.4719551106660944,0.5401537489505683,582.5119667053223,0.2,92
20,chb22,XGB,0.4708029197080292,0.004866180048661801,0.9367396593673966,0.5064260808306841,2,385,26,409,822,0.4368948261890712,0.5049826476509484,3.235318422317505,0.15,92
